Employee Number,First Name,Last Name,Contact Info,Position,Department,Birthday,SSS Number,PhilHealth Number,TIN,Pag-IBIG Number
EMP001,John,Doe,09123456789,Manager,IT,2000-01-01,12-3456789-0,12-345678901-2,123-456-789,1234-5678-9012
EMP002,Jane,Smith,09234567890,HR Manager,Human Resources,1995-05-20,23-4567890-1,23-456789012-3,234-567-890,2345-6789-0123
EMP003,Mike,Johnson,09345678901,Accountant,Finance,1988-11-30,34-5678901-2,34-567890123-4,345-678-901,3456-7890-1234
EMP004,Kendall,Jenner,09787412565,IT,Marketing,1989-05-01,12-1234567-1,12-147852369-1,789-456-123,9874-1236-4563
